<Dialog sceneWidth="600" sceneHeight="400" sceneColor="0xffffff" sceneBg="" layers="2,1,0,0,第 2 层;1,1,0,1,第 1 层">
  <Image url="png.comp.bg" x="0" y="0" layer="1" sizeGrid="4,30,4,4" width="400" height="350"/>
  <Button skin="png.comp.btn_close" x="365" y="3" layer="1" name="close"/>
  <Image url="png.comp.blank" x="0" y="0" layer="1" width="360" height="26" name="drag"/>
  <Image url="png.comp.bg2" x="34" y="81" layer="2" sizeGrid="4,4,4,4" width="344" height="236"/>
  <Tab labels="武器,上衣,裤子,鞋子" skin="png.comp.tab" x="58" y="55" layer="2" var="tab"/>
  <ViewStack layers="1,1,0" layer="2" x="94" y="173" var="viewStack">
    <Label text="武器" layer="1" name="item0"/>
    <Label text="上衣" x="65" layer="1" name="item1"/>
    <Label text="裤子" x="130" layer="1" name="item2"/>
    <Label text="鞋子" x="195" layer="1" name="item3"/>
  </ViewStack>
</Dialog>