<Dialog sceneWidth="600" sceneHeight="400" sceneColor="0xffffff" sceneBg="" layers="2,1,1,0,第 2 层;1,1,1,0,第 1 层">
  <Image url="png.comp.bg" x="0" y="0" layer="1" sizeGrid="4,30,4,4" width="300" height="310"/>
  <Button skin="png.comp.btn_close" x="265" y="3" layer="1" name="close"/>
  <Image url="png.comp.blank" x="0" y="0" layer="1" width="261" height="26" name="drag"/>
  <LinkButton label="linkButton" x="72" y="264" layer="1"/>
  <Button label="label" skin="png.comp.button" x="71" y="101" layer="2" selected="false" disabled="true" width="100" height="30"/>
  <Button label="label" skin="png.comp.button" x="71" y="153" layer="2" labelStroke="0xcccc00" width="100" height="30" labelBold="false" labelSize="14" labelColors="0x666666"/>
  <Button label="label" skin="png.comp.button" x="71" y="49" layer="2" width="100" height="30" var="btn1"/>
  <Button label="点我点我" skin="png.comp.button" x="71" y="205" layer="2" labelBold="true" labelSize="20" height="40" width="150" labelColors="0xff0000,0x5eb10c,0xfe9705" var="btn2"/>
</Dialog>