<Dialog sceneWidth="600" sceneHeight="400" sceneColor="0xffffff" sceneBg="" layers="2,1,0,0,第 2 层;1,1,0,0,第 1 层">
  <Image url="png.comp.bg" x="0" y="0" layer="1" sizeGrid="4,30,4,4" width="399" height="446"/>
  <Button skin="png.comp.btn_close" x="365" y="3" layer="1" name="close"/>
  <Image url="png.comp.blank" x="0" y="0" layer="1" width="360" height="26" name="drag"/>
  <Panel layers="1,1,0" layer="1" x="107" y="73" width="163" height="137" vScrollBarSkin="png.comp.vscroll" var="panel">
    <Image url="png.comp.image" layer="1"/>
  </Panel>
  <Panel layers="1,1,0" layer="1" x="107" y="240" width="160" height="160" hScrollBarSkin="png.comp.hscroll">
    <Clip url="png.comp.clip_num" x="0" y="0" layer="1" clipX="10" width="464" height="160"/>
  </Panel>
</Dialog>